{"min": 1.11101e+18, "max": 1.15451e+18, "seed": 10000, "target_col": "\uc9c0\ubc88 \uc8fc\uc18c \ucf54\ub4dc", "ref_cols": ["\uc8fc\ud0dd\uc720\ud615\uad6c\ubd84", "\ub3d9 \uc774\ub984"], "k": 32, "g": 2}