{"min": 100022.10603519568, "max": 1999463.579243648, "seed": 10000}