{
  "min": 100985.61391484048,
  "max": 1999554.140137253,
  "seed": 10000
}